Pre,M,N,D,PR,SI,Lm,IP,BL,DoMax,DoMin,WMax,WMin,DsMax,WsMax,AR,LR_RL,LR_BL,A,D,FH,G,DF,QS
,13.0,5.0,4.0,14,180,"3,100",143,"9,300",13.25,12.7,5.25,4.95,11.6,4.6,0.88,5.3,,4.25,4,0.75,0.8,5.5,AIR-8505 
,13.5,6.0,4.0,12,,"2,450",95,"7,350",13.75,13.2,6.1,5.75,12,5.4,0.8,5.35,,4.75,4,0.55,0.75,5.1,MIL 
,13.5,6.0,4.0,14,230,"3,450",135,"10,350",13.75,13.2,6.1,5.75,12,5.4,0.8,5.35,,4.75,4,0.55,0.94,5.1,MIL 
,14.5,5.5,6.0,8,,,,,14.2,,5.5,5.15,13,4.85,0.77,,,4.25,6,0.875,1.5,7.75,
,14.5,5.5,6.0,12,,"3,000",135,"9,000",14.5,14,5.5,5.15,13,4.85,0.77,6.1,,4.25,6,0.875,1.5,7.75,TSO-C62 
,14.5,5.5,6.0,14,,"3,550",155,"10,650",14.5,14,5.5,5.15,13,4.85,0.77,6.1,,4.25,6,0.875,1.5,7.75,TSO-C62 
,15.0,6.0,6.0,4,120,"1,250",45,"3,750",15.2,14.55,6.3,5.9,13.55,5.55,0.73,6.1,,5,6,0.75,0.8,7.5,MIL-T-5041 
,15.0,6.0,6.0,6,120,"1,950",68,"5,850",15.2,14.55,6.3,5.9,13.55,5.55,0.73,6.1,,5,6,0.75,0.85,7.5,TSO-C62 
,15.0,6.0,6.0,6,160,"1,950",68,"5,850",15.2,14.55,6.3,5.9,13.55,5.55,0.73,6.1,,5,6,0.75,0.85,7.5,TSO-C62 
,15.0,6.0,6.0,6,LS ,"1,950",68,"5,850",15.2,14.55,6.3,5.9,13.55,5.55,0.73,6.1,,5,6,0.75,0.85,7.5,MIL-T-5041 
,16.0,4.4,,4,,"1,100",55,"3,300",16,15.5,4.45,4.15,14.55,3.9,0.9,6.9,5.7,3.5,8,0.812,0.8,9.62,
,16.0,4.4,,6,120,"1,700",85,"5,100",16,15.5,4.45,4.15,14.55,3.9,0.9,6.9,5.7,3.5,8,0.812,0.9,9.62,MIL-T-5041 
,16.0,4.4,,6,160,"1,700",85,"5,100",16,15.5,4.45,4.15,14.55,3.9,0.9,6.9,5.7,3.5,8,0.812,0.9,9.62,TSO-C62 
,16.0,4.4,,8,120,"2,300",120,"6,900",16,15.5,4.45,4.15,14.55,3.9,0.9,6.9,5.7,3.5,8,0.812,1.05,9.62,MIL-T-5041 
,16.0,4.4,,8,160,"2,300",120,"6,900",16,15.5,4.45,4.15,14.55,3.9,0.9,6.9,5.7,3.5,8,0.812,1.05,9.62,TSO-C62 
,16.0,4.4,,10,190,"2,900",155,"8,700",16,15.5,4.45,4.15,14.55,3.9,0.9,6.9,5.7,3.5,8,0.812,1.2,9.62,TSO-C62 
,16.0,4.4,,12,210,"3,475",185,"10,425",16,15.5,4.45,4.15,14.55,3.9,0.9,6.9,,3.5,8,0.875,1.8,9.75,TSO-C62 
,17.5,5.75,8.0,12,120,"5,000",180,"15,000",17.5,16.95,5.75,5.4,15.8,5.1,0.83,7.4,4.3,4.25,8,0.875,1.4,9.75,MIL-T-5041 
,17.5,5.75,8.0,12,210,"5,000",180,"15,000",17.5,16.95,5.75,5.4,15.8,5.1,0.83,7.4,4.3,4.25,8,0.875,1.4,9.75,TSO-C62 
,17.5,5.75,8.0,14,,"6,050",220,"18,150",17.5,16.95,5.75,5.4,15.8,5.1,0.83,7.4,4.3,4.25,8,0.875,1.55,9.75,
,17.5,6.25,6.0,8,120,"2,900",70,"8,700",17.5,16.85,6.25,5.9,15.45,5.5,0.92,6.9,6.3,5,6,0.75,0.9,7.5,TSO-C62 
,17.5,6.25,6.0,8,160,"2,900",70,"8,700",17.5,16.85,6.25,5.9,15.45,5.5,0.92,6.9,6.3,5,6,0.75,0.9,7.5,TSO-C62 
,17.5,6.25,6.0,8,190,"2,900",70,"8,700",17.5,16.85,6.25,5.9,15.45,5.5,0.92,6.9,6.3,5,6,0.75,0.9,7.5,TSO-C62 
,17.5,6.25,6.0,10,120,"3,750",90,"11,250",17.5,16.85,6.25,5.9,15.45,5.5,0.92,6.9,6.3,5,6,0.75,0.95,7.5,TSO-C62 
,17.5,6.25,11.0,8,104 kt ,"2,750",140,"8,250",17.7,17.3,6.1,5.7,,,0.55,8,7.2,5.25,11,0.813,1.1,12.63,MIL-T-5041 
,18.0,4.25,10.0,6,210,"2,300",100,"6,900",18.25,17.75,4.7,4.45,16.75,4.15,0.87,7.9,6.6,3.63,10,0.6,0.85,11.2,TSO-C62 
,18.0,4.4,,6,190,"2,100",100,"6,300",17.9,17.4,4.45,4.15,16.5,3.9,0.89,7.9,6.8,3.5,10,0.812,1.05,11.62,TSO-C62 
,18.0,4.4,,6,174 kt ,"2,100",100,"6,300",17.9,17.4,4.45,4.15,16.5,3.9,0.89,7.9,6.8,3.5,10,0.812,1.05,11.62,MIL-T-5041 
,18.0,4.4,,6,160,"2,100",100,"6,300",17.9,17.4,4.45,4.15,16.5,3.9,0.89,7.9,6.8,3.5,10,0.812,1.05,11.62,TSO-C62 
,18.0,4.4,,8,,"2,850",150,"8,550",17.9,17.4,4.45,4.15,16.5,3.9,0.89,7.9,6.8,3.5,10,0.812,,11.62,
,18.0,4.4,,10,190,"3,550",185,"10,650",17.9,17.4,4.45,4.15,16.5,3.9,0.89,7.9,6.8,3.5,10,0.812,1.25,11.62,TSO-C62 
,18.0,4.4,,10,190,"3,550",185,"10,650",17.9,17.4,4.45,4.15,16.5,3.9,0.89,7.9,6.8,3.5,10,0.812,1.25,11.62,TSO-C62 
,18.0,4.4,,10,210,"3,550",185,"10,650",17.9,17.4,4.45,4.15,16.5,3.9,0.89,7.9,6.8,3.5,10,0.812,1.25,11.62,TSO-C62 
,18.0,4.4,,12,210,"4,350",225,"13,050",17.9,17.4,4.45,4.15,16.5,3.9,0.89,7.9,6.8,3.5,10,0.812,1.25,11.62,TSO-C62 
,18.0,4.4,,12,250,"4,350",225,"13,050",17.9,17.4,4.45,4.15,16.5,3.9,0.89,7.9,6.8,3.5,10,0.812,1.25,11.62,MIL-T-5041 
,18.0,5.5,,6,,"2,250",75,"6,750",17.9,17.3,5.75,5.35,16.2,5,0.87,7.5,6.2,4.25,8,0.875,1.25,9.75,
,18.0,5.5,,8,190,"3,050",105,"9,150",17.9,17.3,5.75,5.35,16.2,5,0.87,7.5,6.2,4.25,8,0.875,1.25,9.75,TSO-C62 
,18.0,5.5,,8,210,"3,050",105,"9,150",17.9,17.3,5.75,5.35,16.2,5,0.87,7.5,6.2,4.25,8,0.875,1.25,9.75,TSO-C62 
,18.0,5.5,,8,139 kt ,"3,050",105,"9,150",17.9,17.3,5.75,5.35,16.2,5,0.87,7.5,6.2,4.25,8,0.875,1.25,9.75,MIL-T-5041 
,18.0,5.5,,10,210,"4,000",140,"12,000",17.9,17.3,5.75,5.35,16.2,5,0.87,7.5,6.2,4.25,8,0.875,1.4,9.75,TSO-C62 
,18.0,5.5,,12,160,"5,050",175,"15,150",17.9,17.3,5.75,5.35,16.2,5,0.87,7.5,6.2,4.25,8,0.875,1.4,9.75,MIL-T-5041 
,18.0,5.5,,14,239 kt ,"6,200",215,"18,600",17.9,17.3,5.75,5.35,16.2,5,0.87,7.5,6.2,4.25,8,0.875,1.5,9.75,MIL-T-5041 
,18.0,5.7,8.0,14,247,"6,200",215,"18,600",17.9,17.3,5.7,5.35,16.2,5,0.87,7.5,6.1,4.25,8,0.875,1.5,9.75,MIL-T-5041 
,18.0,5.7,8.0,18,250,"8,600",300,"25,800",17.9,17.3,5.7,5.35,16.2,5,0.87,7.5,6.1,4.25,8,0.875,1.5,9.75,MIL-T-5041 
,18.0,5.7,8.0,20,250,"9,000",315,"27,000",17.9,17.3,5.7,5.35,16.2,5,0.87,7.5,6.1,4.25,8,0.875,1.5,9.75,MIL-T-5041 
,18.0,5.75,8.0,8,,"3,000",105,"9,000",18,17.4,5.75,5.4,16.2,5.1,0.87,7.5,6.1,4.25,8,0.875,1.25,9.75,
,18.0,6.5,8.0,12,223 kt ,"5,000",150,"15,000",18,17.45,6.5,6.2,15.95,5.7,0.77,7.6,6,5.25,8,0.875,1.5,9.75,MIL-T-5041 
,19.0,4.5,11.5,10,230,"3,500",165,"10,500",19.5,19,4.5,4.25,18.1,4,0.89,8.6,,3.15,11.5,0.655,0.92,13.34,MIL-T-5041 
,19.0,5.25,10.0,12,185,,,,,,,,,,,,,,,,,,MIL-T-5041 
,19.5,6.75,8.0,6,190,"2,300",61,"6,900",19.5,18.9,6.75,6.2,17.45,5.95,0.85,8.1,5.5,5.25,8,0.812,1.25,9.62,TSO-C62 
,19.5,6.75,8.0,8,210,"3,300",86,"9,900",19.5,18.9,6.75,6.2,17.45,5.95,0.85,8.1,5.5,5.25,8,0.812,1.25,9.62,TSO-C62 
,19.5,6.75,8.0,10,160,"4,270",110,"12,810",19.5,18.9,6.75,6.2,17.45,5.95,0.85,8.1,5.5,5.25,8,0.812,1.25,9.62,TSO-C62 
,19.5,6.75,8.0,10,190,"4,270",110,"12,810",19.5,18.9,6.75,6.2,17.45,5.95,0.85,8.1,5.5,5.25,8,0.812,1.25,9.62,TSO-C62 
,19.5,6.75,8.0,10,190,"4,270",110,"12,810",19.2,18.6,6.35,5.8,17.45,5.95,0.85,8.1,5.5,5.25,8,0.812,1.25,9.62,TSO-C62 
H,19.5,6.75,10.0,6,,"3,000",85,"9,000",19.5,18.9,6.75,6.35,17.8,5.95,0.7,8.3,,4.25,10,0.75,1.3,11.5,
H,19.5,6.75,10.0,8,,"4,000",120,"12,000",19.5,18.9,6.75,6.35,17.8,5.95,0.7,8.3,,4.25,10,0.75,1.5,11.5,
,20.0,4.4,,8,160,"3,400",175,"10,200",20,19.5,4.45,4.15,19.45,3.95,0.9,8.9,8,3.5,12,0.812,1.3,13.62,TSO-C62 
,20.0,4.4,,10,160,"4,250",190,"12,750",20,19.5,4.45,4.15,19.45,3.95,0.9,8.9,8,3.5,12,0.812,1.3,13.62,MIL-T-5041 
,20.0,4.4,,12,195kt ,"5,150",225,"15,450",20,19.5,4.45,4.15,19.45,3.95,0.9,8.9,8,3.5,12,0.812,1.3,13.62,MIL-T-5041 
,20.0,4.4,,14,204 kt ,"6,500",265,"18,000",20,19.5,4.45,4.15,19.45,3.95,0.9,8.9,8,3.5,12,0.812,1.3,13.62,MIL-T-5041 
*,20.0,5.25,11.0,10,,"4,890",161,"14,670",21.25,20.65,5.7,5.5,19.7,4.55,0.9,9.3,,4.5,11,0.625,1.3,12.25,
,20.0,5.5,,12,,"6,150",180,"18,450",20.15,19.55,5.7,5.35,19.3,4.75,0.89,8.6,7.1,4.25,10,0.875,1.38,11.75,
,20.0,5.5,,14,199,"7,200",230,"21,600",20.15,19.55,5.7,5.35,19.3,4.75,0.89,8.6,7.1,4.25,10,0.875,1.38,11.75,MIL-T-5041 
,20.0,5.5,,16,185,"8,750",270,"26,250",20.15,19.55,5.7,5.35,19.3,4.75,0.89,8.6,7.1,4.25,10,0.875,1.51,11.75,MIL-T-5041 
,21.0,7.25,10.0,8,,"4,000",95,"12,000",21.25,20.6,7.2,6.8,19.25,6.35,0.78,9,6.8,5.5,10,1,1.25,12,
,21.0,7.25,10.0,10,210,"5,150",135,"15,450",21.25,20.6,7.2,6.8,19.25,6.35,0.78,9,6.8,5.5,10,1,1.4,12,TSO-C62 
,21.0,7.25,10.0,12,225,"6,400",166,"19,200",21.25,20.6,7.2,6.8,19.25,6.35,0.78,9,6.8,5.5,10,1,1.95,12,TSO-C62 
,21.0,7.25,10.0,20,225,"12,000",320,"36,000",21.25,20.6,7.2,6.8,19.25,6.35,0.78,9,6.8,5.5,10,1,2,12,MIL-T-5041 
H,21.0,7.25,8.0,12,,"5,650",106,"18,950",21,20.35,7.25,6.85,19.7,6.55,0.9,8.4,,4.75,8,0.75,1.95,9.5,
,21.5,7.0,10.0,12,160,"6,700",135,"20,100",21.76,21.14,7.05,6.73,18.9,6.14,0.83,9,,5.9,10,0.75,,,MIL-T-5041 
,22.0,5.5,,8,139 kt ,"4,350",135,"13,050",22.15,21.55,5.7,5.35,21.3,4.95,0.89,9.6,8,4.25,12,0.875,1.25,13.75,MIL-T-5041 
,22.0,5.5,,10,230,"5,700",185,"17,100",22.15,21.55,5.7,5.35,21.3,4.95,0.89,9.6,8,4.25,12,0.875,1.25,13.75,MIL-T-5041 
,22.0,5.5,,12,160,"7,100",250,"21,300",22.15,21.55,5.7,5.35,21.3,4.95,0.89,9.6,8,4.25,12,0.875,1.45,13.75,MIL-T-5041 
,22.0,5.75,12.0,8,,"4,350",135,"13,050",22,21.4,5.75,5.4,20.2,5.05,0.87,9.6,8,4.25,12,0.875,1.25,13.75,
,22.0,5.75,12.0,10,190,"5,700",180,"17,100",22,21.4,5.75,5.4,20.2,5.05,0.87,9.6,8,4.25,12,0.875,1.35,13.75,TSO-C62 
,22.0,5.75,12.0,12,,"7,100",220,"21,300",22,21.4,5.75,5.4,20.2,5.05,0.87,9.6,8,4.25,12,0.875,1.38,13.75,
,22.0,6.5,10.0,8,210,"3,975",95,"11,925",22.1,21.35,6.65,6.25,19.9,5.65,0.91,9.2,,4.75,10,0.812,1.2,11.62,TSO-C62 
,22.0,6.5,10.0,10,190,"5,200",125,"15,600",22.1,21.35,6.65,6.25,19.9,5.65,0.91,9.2,,4.75,10,0.812,1.7,11.62,TSO-C62 
,22.0,6.6,10.0,18,,"9,200",260,"27,600",22.2,21.6,6.8,6.4,20,6,0.9,9.4,7.2,5.5,10,1,2,12,MIL-T-5041 
,22.0,6.6,10.0,18,200 kt ,"10,700",260,"32,100",22.2,21.6,6.8,6.4,20,6,0.9,9.4,7.2,5.5,10,1,2,12,MIL-T-5041 
,22.0,6.6,10.0,20,190 kt ,"12,000",270,"36,000",22.2,21.6,6.8,6.4,20,6,0.9,9.4,7.2,5.5,10,1,2,12,MIL-T-5041 
,22.0,6.6,10.0,22,225,,,,22.2,21.6,6.8,6.4,20,6,0.9,9.4,7.2,5.5,10,1,2,12,MIL-T-5041 
,22.0,6.75,10.0,8,160,"4,450",95,"13,350",22,21.3,6.75,6.35,19.85,5.95,0.89,9.1,6.9,4.75,10,0.812,1.1,11.62,TSO-C62 
,22.0,6.75,10.0,10,160,"5,900",125,"17,700",22,21.3,6.75,6.35,19.85,5.95,0.89,9.1,6.9,4.75,10,0.812,1.3,11.62,TSO-C62 
,22.0,6.75,10.0,10,190,"5,900",125,"17,700",22,21.3,6.75,6.35,19.85,5.95,0.89,9.1,6.9,4.75,10,0.812,2,11.62,TSO-C62 
,22.0,6.75,10.0,12,190,"7,300",152,"21,900",22,21.3,6.75,6.35,19.85,5.95,0.89,9.1,6.9,4.75,10,0.812,1.5,11.62,TSO-C62 
,22.0,6.75,10.0,18,136 kt ,"10,600",245,"31,800",22,21.35,6.75,6.35,19.85,5.95,0.89,9.1,6.9,4.75,10,0.812,2,11.62,MIL-T-5041 
,22.0,7.25,11.5,8,160,"4,600",80,"13,800",22.34,21.75,7.43,7,22.18,7.37,0.73,9.2,7.8,4.63,11.5,1.222,1,13.94,MIL-T-5041 
,22.0,7.7,12.0,16,275,"10,500",280,"31,500",22.35,21.75,7.7,7.25,20.25,6.8,0.67,9.7,8.2,6,12,1,,14,MIL-T-5041 
,22.0,7.75,9.0,26,242,"12,400",305,"37,200",22.2,,7.8,,19.85,6.85,0.85,9.2,,4.25,9,1.125,2.15,11.25,MIL-T-5041 
,22.0,7.75,10.0,8,160,"4,700",90,"14,100",22,21.3,7.75,7.3,19.85,6.8,0.77,9.1,6.8,4.75,10,0.812,1.1,11.62,TSO-C62 
,22.0,7.75,10.0,8,190,"4,700",90,"14,100",22,21.3,7.75,7.3,19.85,6.8,0.77,9.1,6.8,4.75,10,0.812,1.1,11.62,TSO-C62 
,22.0,7.75,10.0,10,160,"5,500",110,"16,500",22,21.3,7.75,7.3,19.85,6.8,0.77,9.1,7.1,4.75,10,0.812,1.1,11.62,TSO-C62 
,22.0,7.75,10.0,10,190,"5,500",110,"16,500",22,21.3,7.75,7.3,19.85,6.8,0.77,9.1,7.1,4.75,10,0.812,1.1,11.62,TSO-C62 
,22.0,7.75,10.0,12,190,"6,800",134,"20,400",22,21.3,7.75,7.3,19.85,6.8,0.77,9.1,7.1,4.75,10,0.812,1.1,11.62,TSO-C62 
,22.0,8.0,8.0,6,,"2,500",40,"7,500",22,21.3,8,7.55,19.5,7.05,0.88,8.7,,6,8,0.875,1.1,9.75,
,22.0,8.0,8.0,8,,"3,500",55,"10,500",22,21.3,8,7.55,19.6,7.05,0.88,8.7,,6,8,0.875,1.6,9.75,
,22.0,8.0,10.0,10,190,"6,500",110,"19,500",22,21.35,8,7.55,19.85,7.05,0.75,9,6.9,5,10,0.625,1.4,11.25,TSO-C62 
,22.0,8.0,10.0,12,190,"7,900",135,"23,700",22,21.35,8,7.55,19.85,7.05,0.75,9,6.9,5,10,0.625,1.8,11.25,TSO-C62 
,22.0,8.5,11.0,16,217 kt ,"10,000",210,"30,000",22,21.4,8.5,8.1,19.65,7.5,0.64,9.4,7.8,7.25,11,0.875,1.88,12.75,MIL-T-5041 
H,22.0,8.5,10.0,12,190,"6,900",132,"20,700",22,21.4,8.25,7.8,20.8,7.45,0.73,9.1,7.2,5.25,10,0.85,1.8,11.7,TSO-C62 
H,22.0,8.5,10.0,14,190,"8,300",156,"24,900",22,21.4,8.25,7.8,20.8,7.45,0.73,9.1,7.2,5.25,10,0.85,2.14,11.7,TSO-C62 
,23.0,7.0,12.0,10,210,"6,500",135,"19,500",23.2,22.6,7.2,6.8,21.15,6.3,0.78,9.9,7.8,6.25,12,0.65,1.25,13.3,TSO-C62 
,23.0,7.0,12.0,12,210,"7,800",160,"23,400",23.2,22.6,7.2,6.8,21.15,6.3,0.78,9.9,7.8,6.25,12,0.65,1.7,13.3,TSO-C62 
*,23.0,9.0,8.0,10,,"5,290",80,"15,870",24,22.4,9.45,8.85,21.85,8.45,0.85,9.5,,7.25,8,0.875,1.75,9.75,
,24.0,5.5,,12,139 kt ,"8,070",250,"23,000",24.15,23.55,5.7,5.45,23.3,4.95,0.89,10.6,9.3,4.25,14,0.875,1.38,15.75,MIL-T-5041 
,24.0,5.5,,12,200,"7,500",230,"22,500",24.15,23.55,5.7,5.45,23.3,4.95,0.89,10.6,9.3,4.25,14,0.875,1.38,15.75,MIL-T-5041 
,24.0,5.5,,14,,"9,700",300,"29,100",24.15,23.55,5.7,5.45,23.3,4.95,0.89,10.6,9,4.25,14,0.875,1.38,15.75,
,24.0,5.5,,16,200,"11,500",355,"34,500",24.15,23.55,5.7,5.45,23.3,4.95,0.89,10.6,9,4.25,14,0.875,1.38,15.75,MIL-T-5041 
,24.0,6.5,14.0,18,200 kt ,"12,900",375,"38,700",24.2,23.6,6.65,6.25,22.4,5.9,0.75,,,4.75,14,0.875,1.65,15.75,MiL-T-5041 
*,24.0,6.6,,20,,"6,500",294,"19,500",23.8,23,6.7,6.3,21.46,5.5,0.88,10.2,9,5.5,12,1,1.8,14,
,24.0,7.25,12.0,10,160,"6,600",120,"19,800",24.5,23.8,7.5,7,22.25,6.5,0.84,10.4,8,6.25,12,0.7,1.4,13.4,TSO-C62 
,24.0,7.25,12.0,10,190,"6,600",120,"19,800",24.5,23.8,7.5,7,22.25,6.5,0.84,10.4,8,6.25,12,0.7,1.4,13.4,TSO-C62 
,24.0,7.25,12.0,12,190,"8,150",164,"24,450",24.5,23.8,7.5,7,22.25,6.5,0.84,10.4,8,6.25,12,0.7,1.8,13.4,MIL-T-5041 
,24.0,7.7,,6,190,"2,950",55,"8,850",24.15,23.3,7.65,7.2,21.5,6.75,0.92,10,7.5,5.5,10,0.906,1.25,11.81,TSO-C62 
,24.0,7.7,,10,160,"5,400",90,"16,200",24.15,23.3,7.65,7.2,21.5,6.75,0.92,10,7.5,5.5,10,0.906,1.25,11.81,TSO-C62 
,24.0,7.7,,10,139 kt ,"5,400",90,"16,200",24.15,23.3,7.65,7.2,21.5,6.75,0.92,10,7.5,5.5,10,0.906,1.25,11.81,MIL-T-5041 
,24.0,7.7,,10,225,"5,400",90,"16,200",24.15,23.3,7.65,7.2,21.5,6.75,0.92,10,7.5,5.5,10,0.906,1.5,11.81,TSO-C62 
,24.0,7.7,,12,190,"6,800",110,"20,400",24.15,23.3,7.65,7.2,21.5,6.75,0.92,10,7.5,5.5,10,0.906,1.5,11.81,TSO-C62 
,24.0,7.7,,12,210,"6,800",110,"20,400",24.15,23.3,7.65,7.2,21.5,6.75,0.92,10,7.5,5.5,10,0.906,1.5,11.81,TSO-C62 
,24.0,7.7,,14,190,"8,200",135,"24,600",24.15,23.3,7.65,7.2,21.5,6.75,0.92,10,7.5,5.5,10,0.906,1.5,11.81,MIL-T-5041 
,24.0,7.7,,14,210,"8,200",135,"24,600",24.15,23.3,7.65,7.2,21.5,6.75,0.92,10,7.5,5.5,10,0.906,1.5,11.81,TSO-C62 
,24.0,7.7,,14,250,"8,200",135,"24,600",24.15,23.3,7.65,7.2,21.5,6.75,0.92,10,7.5,5.5,10,0.906,1.6,11.81,TSO-C62 
,24.0,7.7,,16,210,"9,725",165,"29,175",24.15,23.3,7.65,7.2,21.5,6.75,0.92,10,7.5,5.5,10,0.906,1.7,11.81,TSO-C62 
,24.0,7.7,,16,225,"9,725",165,"29,175",24.15,23.3,7.65,7.2,21.5,6.75,0.92,10,7.5,5.5,10,0.906,1.7,11.81,TSO-C62 
,24.0,7.7,,18,,"11,000",195,"33,000",24.15,23.3,7.65,7.2,21.5,6.75,0.92,10,7.5,5.5,10,0.906,,11.81,
,24.0,7.7,,20,190,"12,900",220,"38,700",23.75,23,7.65,7.2,21.28,6.75,0.92,9.85,7.4,5.5,10,0.906,,11.81,MIL-T-5041 
,24.0,8.0,13.0,18,215,"12,500",285,"37,500",24,23,7.65,7.2,22,7.05,0.64,10.4,7.7,5.75,13,1,2.05,15,MIL-T-5041 
,24.0,8.0,13.0,18,230 Kt ,"12,500",285,"37,500",24,23.4,8,7.55,22,7.05,0.64,10.4,7.7,5.75,13,1,2.05,15,MIL-T-5041 
B,24.0,9.5,10.5,18,"12,200",160,"36,600",24,23.3,9.5,8.95,21.6,8.4,0.71,9.8,,6,10.5,0.875,1.9,12.25,,
C,24.5,8.5,12.0,12,,"8,400",98,"25,200",24.5,23.8,8.5,8,22.25,7.5,0.74,9.8,,4.5,12,0.5,1.75,,
*,24.5,8.5,,10,210,"5,710",86,"17,130",24.5,23.75,8.5,8,21.9,7.5,0.86,10,7,6.25,10,0.812,1.35,11.62,TSO-C62 
*,24.5,8.5,,12,,"7,410",110,"22,230",24.5,23.75,8.5,8,21.9,7.5,0.86,10,7,6.25,10,0.812,1.35,11.62,
,25.0,6.0,14.0,16,160,"12,000",330,"36,000",25,24.35,6.15,5.8,23.7,5,0.89,11,9.2,4.27,14,0.875,,15.75,
,25.0,6.75,14.0,16,,"11,000",240,"33,000",25.5,24.8,6.85,6.45,23.44,6.03,0.84,11.2,9.6,4,14,1,,16,
,25.0,6.75,14.0,18,,"13,000",300,"39,000",25.5,24.8,6.85,6.45,23.44,6.03,0.84,11.2,9.6,4,14,1,,16,
,25.0,6.75,,18,239 kt ,"13,000",300,"39,000",25.5,24.8,6.85,6.45,23.44,6.03,0.84,11.1,9.6,5,14,1,2,16,MIL-T-5041 
,25.0,7.75,10.0,12,,"6,900",115,"20,700",25,24.2,7.75,7.3,23.5,7,0.97,10.3,,6,10,1,1.95,12,
,25.5,8.0,14.0,18,230,"15,300",275,"45,900",25.5,24.8,8,7.55,23.14,6.84,0.72,11,9.2,5.75,14,1,,16,MIL-T-5041 
,25.5,8.0,14.0,20,250,"16,200",310,"48,600",25.5,24.8,8,7.55,23.14,6.84,0.72,11,9.2,5.75,14,1,2.1,16,MIL-T-5041 
*,25.5,8.75,10.0,12,,"7,140",85,"21,420",25.6,24.7,8.65,8.25,22.85,7.7,0.89,10.3,,5.5,10,0.91,1.5,11.82,
,25.75,6.75,14.0,14,210,"10,300",237,"30,900",25.75,25.1,6.75,6.35,23.65,5.95,0.87,11.2,,5,14,1,1.7,16,TSO-C62 
,25.75,6.75,14.0,16,210,"11,900",275,"35,700",25.75,25.1,6.75,6.35,23.65,5.95,0.87,11.2,,5,14,1,1.7,16,TSO-C62 
,26.0,6.6,,8,,"5,300",120,"15,900",25.75,25.05,6.65,6.25,23.55,5.85,0.88,11.2,8.9,5,14,1,1.4,16,
,26.0,6.6,,10,210,"6,900",155,"20,700",25.75,25.05,6.65,6.25,23.55,5.85,0.88,11.2,9.2,5,14,1,1.4,16,TSO-C62 
,26.0,6.6,,10,225,"6,900",155,"20,700",25.75,25.05,6.65,6.25,23.55,5.85,0.88,11.2,9.2,5,14,1,1.4,16,TSO-C62 
,26.0,6.6,,12,225,"8,600",185,"25,800",25.75,25.05,6.65,6.25,23.55,5.85,0.88,11.2,9.4,5,14,1,1.5,16,TSO-C62 
,26.0,6.6,,14,200,"10,000",225,"30,000",25.75,25.05,6.65,6.25,23.55,5.85,0.88,11.2,9.4,5,14,1,1.7,16,MIL-T-5041 
,26.0,6.6,,14,210,"10,000",225,"30,000",25.75,25.05,6.65,6.25,23.55,5.85,0.88,11.2,9.4,5,14,1,1.7,16,TSO-C62 
,26.0,6.6,,16,174 kt ,"12,000",270,"36,000",25.75,25.05,6.65,6.25,23.55,5.85,0.88,11.2,9.4,5,14,1,1.7,16,MIL-T-5041 
,26.0,6.75,14.0,14,,"10,300",230,"30,900",26,25.3,6.75,6.35,23.85,5.95,0.89,11.3,9.2,5,14,1,1.7,16,
,26.0,6.75,14.0,16,,"11,900",270,"35,700",26,25.3,6.75,6.35,23.85,5.95,0.89,11.3,9.2,5,14,1,1.9,16,
*,26.0,7.75,13.0,8,,"5,600",86,"16,800",26.3,25.3,7.9,7.45,23.9,6.95,0.84,11.1,8.6,6,13,0.7,1.31,14.4,
*,26.0,7.75,13.0,10,,"7,250",110,"21,750",26.3,25.5,7.9,7.45,23.9,6.95,0.84,11.1,8.6,6,13,0.7,1.5,14.4,
*,26.0,7.75,13.0,10,,"8,100",125,"24,300",26.3,25.5,7.9,7.45,23.9,6.95,0.84,11,,6.6,13,0.7,1.5,14.4,
*,26.0,7.75,13.0,12,,"8,950",135,"26,850",26.3,25.5,7.9,7.45,23.9,6.95,0.84,11,,6.6,13,0.7,1.5,14.4,
*,26.0,7.75,13.0,14,,"10,760",161,"32,280",26.3,25.5,7.9,7.45,23.9,6.95,0.84,11,,6.6,13,0.7,1.8,14.4,
,26.0,8.0,14.0,16,239 kt ,"12,700",235,"38,100",26,25.3,8,7.5,23.85,6,0.75,11.2,9.6,6.38,14,1.125,2.1,16.25,MIL-T-5041 
,26.0,8.0,14.0,18,,"14,480",265,"43,440",26,25.3,8,7.5,23.85,6,0.75,11.2,9.6,6.38,14,1.125,2.1,16.25,
,26.0,8.75,11.0,12,163 kt ,"10,070",105,"30,210",26.55,25.75,8.95,8.45,23.75,7.9,0.87,10.6,,7.25,11,0.875,1.6,12.75,
,26.0,8.75,11.0,16,163 kt ,"11,060",126,"33,180",26.55,25.75,8.95,8.45,23.75,7.9,0.87,10.4,,7.25,11,1.125,1.85,13.25,
,26.0,10.0,11.0,10,LS ,"9,700",110,"29,100",26,25.2,10,9.45,23.3,8.8,0.75,10.3,7.3,8,11,1,,13,MIL-T-5041 
,26.0,10.0,11.0,12,LS ,"9,700",140,"29,100",26,25.2,10,7.45,23.3,8.8,0.75,10.3,7.3,8,11,1,,13,MIL-T-5041 
,26.5,8.0,13.0,12,160,"9,475",149,"28,425",26.5,25.8,8,7.55,23.8,7,0.85,11.3,,6.5,13,1,1.551,15,TSO-C62 
H,26.5,8.0,14.0,14,210,"10,975",189,"32,925",26.5,25.9,8,7.55,25.25,7.2,0.85,11.3,,5.25,14,1,2,16,TSO-C62 
,27.0,7.75,15.0,10,210,"7,800",160,"23,400",27,26.3,7.75,7.3,24.85,6.85,0.77,11.8,,6,15,1,1.65,17,TSO-C62 
,27.0,7.75,15.0,10,225,"7,800",160,"23,400",27,26.3,7.75,7.3,24.85,6.85,0.77,11.8,,6,15,1,1.65,17,TSO-C62 
,27.0,7.75,15.0,12,225,"9,650",200,"28,950",27,26.3,7.75,7.3,24.85,6.85,0.77,11.8,,6,15,1,1.65,17,TSO-C62 
H,27.0,8.5,14.0,16,210,"13,300",207,"39,900",27,26.3,8.5,8,25.7,7.65,0.77,11.4,,5.5,14,0.95,2.15,15.9,TSO-C62 
,27.5,7.5,16.0,22,275,"20,500",400,"61,500",27.5,26.8,7.5,7,24.45,6.6,0.64,12.3,11,6,16,1.125,,18.25,
,27.5,8.9,12.5,6,,"4,300",50,"12,900",27.7,27.3,9,8.67,24.95,7.65,0.84,12,8.1,6.75,12.5,0.875,,14.25,
,27.75,8.75,14.5,24,259,"21,500",320,"64,500",27.75,27.05,8.75,8.25,24.6,7.48,0.76,12,10.5,6,14.5,1.2,2.38,16.9,MIL-T-5041 
,28.0,7.7,,10,,"7,400",125,"22,200",27.4,26.6,7.85,7.4,24.9,6.95,0.85,11.7,9.2,6,14,1,,16,
,28.0,7.7,,14,174 kt ,"11,000",195,"33,000",27.4,26.6,7.85,7.4,24.9,6.95,0.85,11.7,9.2,6,14,1,1.75,16,MIL-T-5041 
,28.0,9.0,12.0,8,160,"5,953",65,"17,859",28.35,27.36,9.45,8.86,25.39,8.07,0.87,11.4,8.8,6.63,12,0.752,1.38,13.5,TSO-C62 
,28.0,9.0,12.0,10,,"7,150",80,"21,450",28.35,27.36,9.45,8.86,25.39,8.07,0.87,11.4,8.8,6.63,12,0.752,1.5,13.5,
,28.0,9.0,12.0,12,160,"8,800",100,"26,400",28.35,27.36,9.45,8.86,25.39,8.07,0.87,11.4,8.8,6.63,12,0.752,2,13.5,TSO-C62 
,28.0,9.0,12.0,22,150 kt ,"16,650",235,"49,950",27.6,26.8,8.85,8.35,24.8,7.8,0.88,11.7,9.1,7,12,1.25,2.25,14.5,MIL-T-5041 
,28.0,9.0,14.0,22,187 Kt ,"18,100",280,"54,300",27.85,27.3,9.1,8.6,25.25,8,0.75,11.9,9.9,7.25,14,1.125,2.25,16.25,MIL-T-5041 
,29.0,6.25,16.0,14,,"11,050",230,"33,150",29.02,28.38,6.58,6.26,27.3,5,0.99,12.6,,5.12,16,0.875,1.75,17.75,MIL-T-5041 
,29.0,7.7,,12,,"9,800",160,"29,400",28.4,27.6,7.85,7.4,25.9,6.95,0.85,12.2,10.1,6,15,1,,17,
,29.0,7.7,,16,,"13,800",230,"41,400",28.4,27.6,7.85,7.4,25.9,6.95,0.85,12.2,10.1,6,15,1,2,17,
*,29.0,8.0,15.0,12,,"10,030",141,"30,090",29.7,29.1,8.1,7.9,27,7.1,0.91,12.6,,6.87,15,0.95,1.75,16.9,
H,29.0,9.0,15.0,16,210,"14,500",197,"43,500",29,28.2,9,8.5,27.7,8.55,0.74,12.3,,6,15,0.95,2.15,16.9,TSO-C62 
,29.0,11.0,10.0,4,,"2,350",20,"7,050",29,28.1,11,10.4,25.6,9.35,0.87,11.4,7.2,8.5,10,1,1.6,12,
,29.0,11.0,10.0,8,,"5,000",45,"15,000",29,28.1,11,10.4,25.6,9.35,0.87,11.4,7.2,8.5,10,1,1.6,12,
,29.0,11.0,10.0,10,,"7,070",60,"21,210",29,28.1,11,10.4,25.6,9.35,0.87,11.4,7.2,8.5,10,1,1.6,12,TSO-C62 
,29.0,11.0,10.0,10,160,"7,070",60,"21,210",29,28.1,11,10.4,25.6,9.35,0.87,11.4,7.2,8.5,10,1,1.6,12,MIL-T-5041 
,30.0,6.6,,14,225,"12,950",320,"38,850",30.32,29.4,6.5,5.95,28.2,5.5,,,,5,20,1,1.75,22,MIL-T-5041 
*,30.0,7.7,,12,,"9,410",165,"28,230",29.4,28.6,7.85,7.4,26.9,6.95,0.85,12.7,10.8,6,16,1,1.65,18,
*,30.0,7.7,,14,,"11,990",186,"35,970",29.4,28.6,7.85,7.4,26.9,6.95,0.85,12.7,10.8,6,16,1,1.65,18,
*,30.0,7.7,,18,,"16,510",270,"49,530",29.4,28.6,7.85,7.4,26.9,6.95,0.85,12.7,10.8,6,16,1,2.15,18,
*,30.0,7.7,,22,,"21,290",360,"63,870",29.4,28.6,7.85,7.4,26.9,6.95,0.85,12.7,10.8,6,16,1,,18,
*,30.0,7.7,,26,,"24,090",394,"72,270",29.4,28.6,7.85,7.4,26.9,6.95,0.85,12.7,10.8,6,16,1,,18,
,30.0,8.0,,26,,"24,100",360,"72,300",29.8,29.4,7.96,7.76,26.9,6.95,0.86,12.8,10.8,6,16,1,,,
,30.0,8.8,,12,,"10,200",139,"30,600",30.3,29.5,8.9,8.3,27.35,7.85,0.87,12.9,,7,15,1.125,1.7,17.25,
,30.0,8.8,,14,,"12,450",177,"37,350",30.3,29.5,8.9,8.3,27.35,7.85,0.87,12.9,,7,15,1.125,1.7,17.25,
,30.0,8.8,,16,225,"14,200",199,"42,600",30.3,29.5,8.9,8.3,27.35,7.85,0.87,12.9,,7,15,1.125,2.1,17.25,TSO-C62 
,30.0,8.8,,22,217 kt ,"21,000",295,"63,000",30.4,29.5,8.9,8.35,27.4,7.9,0.87,12.9,,7,15,1.125,2.4,17.25,MIL-T-5041 
*,30.0,9.0,15.0,12,160,"12,190",130,"36,570",30,29.3,9.57,9.13,27.3,8.4,0.78,12.6,10.2,8,15,1,1.75,17,
,30.0,9.5,14.0,16,210,"13,700",177,"41,100",30,29.2,9.5,8.95,28.3,8.55,0.84,12.7,,7,14,1.125,2.25,16.25,TSO-C62 
H,30.0,9.5,16.0,16,210,"15,350",202,"46,050",30,29.35,9.5,8.95,28.6,8.55,0.74,12.8,,6.25,16,1.1,2.2,18.4,TSO-C62 
,30.0,11.0,14.0,4,,"3,500",35,"10,500",30,29.2,11,10.4,27.1,9.7,0.73,12.6,8.2,9,14,0.75,,15.5,
,30.0,11.5,14.5,20,,"20,960",220,"62,880",29.75,28.75,11.5,11,27,10.1,0.66,12.2,10.2,9.75,14.5,1.25,2.75,17,
,30.0,11.5,14.5,24,208 kt ,"25,000",245,"75,000",29.75,28.75,11.5,11,27,10.1,0.66,12.5,10.4,9.75,14.5,1.25,2.75,17,MIL-T-5041 
,30.0,11.5,14.5,24,215 kt ,"25,000",243,"75,000",29.75,28.75,11.5,11,27,10.1,0.66,12.5,10.4,9.75,14.5,1.25,2.75,17,MIL-T-5041 
,30.0,11.5,14.5,26,248,"25,000",265,"75,000",29.75,28.75,11.5,11,27,10.1,0.66,12.5,10.4,9.75,14.5,1.25,2.75,17,MIL-T-5041 
,30.0,11.5,14.5,26,259,"26,600",265,"78,000",29.75,28.75,11.5,11,27,10.1,0.66,12.5,10.4,9.75,14.5,1.25,2.75,17,MIL-T-5041 
,30.0,11.5,14.5,26,220 Kt ,"25,000",245,"78,000",29.75,28.75,11.5,11,27,10.1,0.66,12.5,10.4,9.75,14.5,1.25,2.75,17,MiL-T-5041 
,31.0,9.75,13.0,12,160,"9,075",113,"26,475",30,29.25,9.5,8.95,28.3,8.55,0.89,12.6,,7.25,13,1.125,1.8,15.25,TSO-C62 
H,31.0,9.75,13.0,12,190,"9,350",90,"28,050",31,30.1,9.75,9.2,29.4,8.8,0.87,12.6,9.7,6.5,13,1,2.05,15,TSO-C62 
,31.0,9.75,14.0,12,190,"11,100",115,"33,300",31,30.1,9.75,9.2,29.4,8.8,0.87,12.9,,8,14,1,2.15,16,TSO-C62 
*,31.0,10.75,14.0,20,,"18,710",186,"56,130",31.42,30.6,11.06,10.43,28.27,9.72,0.79,13.2,,9,14,1.25,3.25,16.5,
,31.0,11.5,16.0,22,275,"23,300",275,"69,900",31,30.2,11.5,10.8,28.3,10.1,0.66,13.2,11,9,16,1.25,2.65,18.5,MIL-T-5041 
H,31.0,13.0,12.0,20,225,"17,200",155,"51,600",31,30.1,13,12.3,27.6,11.45,0.73,12.4,,8,12,1.2,2.7,14.4,TSO-C62 
H,31.0,13.0,12.0,20,235,"17,200",155,"51,600",31,30.1,13,12.3,27.6,11.45,0.73,12.4,,8,12,1.2,2.7,14.4,TSO-C62 
,32.0,8.8,,10,,"9,000",115,"27,000",31,30.05,8.9,8.35,28.05,7.9,0.84,13.3,10.9,7,16,1.125,1.52,18.25,
,32.0,8.8,,12,160,"11,000",140,"33,000",31,30.05,8.9,8.35,28.05,7.9,0.84,13.3,10.9,7,16,1.125,1.65,18.25,MIL-T-5041 
,32.0,8.8,,14,210,"13,000",170,"39,000",31,30.05,8.9,8.35,28.05,7.9,0.84,13.3,10.9,7,16,1.125,1.75,18.25,
,32.0,8.8,,16,160,"15,100",200,"45,300",31,30.05,8.9,8.35,28.05,7.9,0.84,13.3,10.9,7,16,1.125,1.9,18.25,MIL-T-5041 
,32.0,8.8,,18,210,"17,025",242,"51,075",31,30.05,8.9,8.35,28.05,7.9,0.84,13.3,10.9,7,16,1.25,2.53,18.5,TSO-C62 
,32.0,8.8,,20,250,"23,700",300,"71,100",31,30.05,8.9,8.35,28.05,7.9,0.84,13.3,10.9,7,16,1.225,,18.25,MIL-T-5041 
,32.0,8.8,,24,,"23,300",335,"69,900",31,30.05,8.9,8.35,28.05,7.9,0.84,13.3,10.9,7,16,1.125,2.75,18.25,MIL-T-5041 
,32.0,9.75,18.0,22,,"23,700",345,"71,100",32,31.3,9.75,9.2,29.5,8.6,0.72,14.1,,7.5,18,1.25,2.55,20.5,MIL-T-5041 
*,32.0,10.75,14.0,12,160,"10,760",90,"32,280",32.55,31.65,10.95,10.55,28.55,9.5,0.84,13.2,,9,14,1.5,2,17,TSO-C62 
,32.0,11.5,15.0,12,210,"11,200",120,"33,600",32,31.1,11.5,10.8,29,10.5,0.74,13.5,10.3,9,15,1.25,1.9,17.5,TSO-C62 
,32.0,11.5,15.0,12,225,"11,200",120,"33,600",32,31.1,11.5,10.8,29,10.5,0.74,13.5,10.3,9,15,1.25,1.9,17.5,TSO-C62 
*,33.5,10.75,15.0,12,160,"12,200",100,"35,350",33.5,32.65,10.75,10.15,30.2,9.15,0.87,13.7,,8,15,1,1.9,17,TSO-C62 
,34.0,9.25,16.0,16,,"15,500",155,"46,500",34,33.15,9.25,8.75,30.75,8.15,0.98,14.3,10.4,7,16,1.125,2.1,18.25,
,34.0,9.25,16.0,18,210,"17,800",190,"53,400",34,33.15,9.25,8.75,30.75,8.15,0.98,14.3,10.4,7,16,1.125,2.3,18.25,TSO-C62 
H,34.0,9.25,18.0,18,,"19,400",213,"58,200",34,33.2,9.25,8.75,30.75,8.15,0.87,14.5,,6,18,1.2,2.5,20.4,
,34.0,9.9,,12,,"11,200",115,"33,600",33.4,32.45,10.2,9.55,30.1,8.8,0.86,14.2,10.7,8,16,1.25,,18.5,
,34.0,9.9,,14,160,"14,000",150,"42,000",33.4,32.45,10.2,9.55,30.1,8.8,0.86,14.2,10.7,8,16,1.25,,18.5,MIL-T-5041 
,34.0,10.75,16.0,10,190,"10,870",80,"32,610",34.5,33.65,10.45,9.9,31.15,8.9,0.89,14.4,10.6,8.25,16,1.05,1.85,18.5,TSO-C62 
,34.0,10.75,16.0,12,190,"13,000",96,"39,000",34.5,33.65,10.45,9.9,31.15,8.9,0.89,14.4,10.4,8.25,16,1.05,1.85,18.1,TSO-C62 
,34.0,10.75,16.0,14,190,"15,100",110,"45,300",34.5,33.65,10.45,9.9,31.15,8.9,0.89,14.4,10.4,8.25,16,1.125,2.14,18.5,TSO-C62 
,34.0,10.75,16.0,16,210,"16,500",145,"49,500",34.45,33.65,10.45,9.8,31.1,8.85,0.88,14.15,,8.25,16,1.125,2.34,18.5,TSO-C62 
,34.0,11.0,,18,,"16,100",145,"48,300",33.4,32.6,11.3,10.6,29.9,9.95,0.87,13.9,10,9,14,1.5,,17,
,34.0,11.0,,20,,"18,300",165,"54,900",33.4,32.6,11.3,10.6,29.9,9.95,0.87,13.9,10,9,14,1.5,,17,
,34.0,11.0,,22,225,"20,500",185,"61,500",33.4,32.6,11.3,10.6,29.9,9.95,0.87,13.9,10,9,14,1.5,2.7,17,TSO-C62 
*,34.0,11.75,14.0,12,,"12,010",80,"36,030",34.65,33.45,12,11.4,30.9,10.2,0.86,14,,9.13,14,1.1,1.75,16.2,
,34.0,12.0,12.0,14,190,"11,300",85,"33,900",34,33.1,12,11.35,30,10.55,0.92,13.4,8.3,9,12,1.25,,14.5,TSO-C62 
,34.0,14.0,12.0,24,174 kt ,"17,300",155,"51,900",34,32.6,14,13.2,30.5,12.35,0.79,13.8,,11,12,1.375,3,14.75,MIL-T-5041 
,34.5,9.75,18.0,26,203 kt ,"32,000",360,"96,000",34.5,33.7,9.75,9.15,31.55,8.4,0.85,14.9,11.6,7.5,18,1.25,2.55,20.5,
,34.5,9.75,18.0,26,225 kt ,"30,100",340,"90,300",34.5,33.7,9.75,9.15,31.55,8.4,0.85,14.9,11.6,7.5,18,1.25,2.55,20.5,MIL-T-5041 
H,34.5,12.0,14.0,14,,"13,100",94,"39,300",34.5,33.7,12,11.4,30.9,10.6,0.85,14,,8,14,0.85,2.25,15.7,
*,35.0,9.0,17.0,14,,"14,000",150,"42,000",35,33.9,9,8.7,31.7,8.3,1,,,7.25,17,1.1,2.25,19.2,
*,35.0,9.0,17.0,16,,"16,310",170,"48,930",35,33.9,9,8.7,31.7,8.3,1,,,7.25,17,1.1,2.25,19.2,
*,35.0,9.0,17.0,18,,"18,730",190,"56,190",35,33.9,9,8.7,31.7,8.3,1,,,7.25,17,1.1,2.52,19.2,
,35.0,10.0,17.0,26,,"29,500",280,"88,500",35.55,34.55,10.2,9.7,32.2,9,0.91,15.1,,8.62,17,1.375,2.5,19.75,
,35.0,11.5,16.0,22,230 kt ,"23,000",210,"48,900",35,34.1,11.5,10.9,31.8,10.1,0.83,14.8,9.7,9,16,1.375,,18.75,MIL-T-5041 
*,36.0,10.0,18.0,16,,"18,010",165,"54,030",36.6,35.8,10.24,9.84,33.3,9.1,0.91,15.6,,8.63,18,1.1,2.38,20.2,
*,36.0,10.0,18.0,18,,"21,890",190,"65,670",36.6,35.8,10.24,9.84,33.3,9.1,0.91,15.6,,8.63,18,1.1,2.38,20.2,
*,36.0,10.0,18.0,20,,"23,650",206,"70,950",36.6,35.8,10.24,9.84,33.3,9.1,0.91,15.6,,8.63,18,1.1,2.38,20.2,
,36.0,10.75,16.5,16,160,"23,000",140,"69,000",36,35.2,10.8,10.4,32.1,8.75,0.9,15.1,,9,16.5,1.15,2.13,18.8,
,36.0,11.0,,22,200,"23,300",200,"69,900",35.1,34,11.5,10.8,31.65,10.1,0.83,14.7,11.3,9,16,1.375,2.8,18.75,MIL-T-5041 
,36.0,11.0,,22,250,"23,300",200,"69,900",35.1,34,11.5,10.8,31.65,10.1,0.83,14.7,11.3,9,16,1.375,2.8,18.75,
,36.0,11.0,,24,201,"26,500",235,"78,000",35.1,34,11.5,10.8,31.65,10.1,0.83,14.7,11.3,9,16,1.375,2.9,18.75,MIL-T-5041 
,36.0,11.0,,28,200,"31,500",290,"94,500",35.1,34,11.5,10.8,31.65,10.1,0.83,14.7,11.3,9,16,1.375,2.8,18.75,MIL-T-5041 
H,36.0,12.0,18.0,18,210,"21,525",177,"64,575",36,35.2,12,11.35,34.2,10.8,0.75,15.15,,7.75,18,1.2,2.4,20.4,TSO-C62 
,36.0,11.0,18.0,30,262,"35,800",317,"107,400",35.8,34.9,10.4,9.85,34.1,9.35,0.86,15.25,,8.5,18,1.75,3.2,21.5,MIL-T-5041 
*,36.0,13.0,12.0,6,,"6,350",29,"19,050",36.5,35.5,13.15,12.44,32.1,11.2,0.93,15.6,,8.27,12,1,1.1,14,
,37.0,11.5,16.0,28,219,"31,200",245,"93,600",37,36.1,11.5,10.9,33.2,10.1,0.72,15.3,11.1,9,16,1.375,3.15,18.75,MIL-T-5041 
,37.0,11.75,16.0,10,180,"10,400",94,"31,200",37,36.22,11.8,11.2,33.3,10.4,0.89,15,,10,16,1,1.63,18,
,37.0,11.75,16.0,12,,"13,800",165,"41,400",37,36.22,11.8,11.2,33.3,10.4,0.89,15,,10,16,1,1.63,18,
,37.0,13.0,16.0,20,,"22,200",165,"66,600",37,36.1,13,12.3,33.2,11.45,0.81,15.4,10.8,9,16,1.375,2.6,18.75,
,37.0,13.0,16.0,26,225,"29,300",220,"87,900",37,36.1,13,12.3,33.2,11.45,0.81,15.4,10.8,9,16,1.625,3.2,19.25,TSO-C62 
,37.0,13.0,16.0,28,225,"32,000",240,"96,000",37,36.1,13,12.3,33.2,11.45,0.81,15.4,10.8,9,16,1.625,3.2,19.25,TSO-C62 
,37.0,14.0,14.0,24,225,"25,000",160,"75,000",37,36.05,14,13.3,32.85,12,0.83,15.1,10.4,11,14,1.5,3,17,TSO-C62 
H,37.0,14.0,15.0,20,225,"22,000",135,"66,000",37,36.1,14,13.3,33.05,12.3,0.79,15,11,9,15,1.3,2.7,17.6,
H,37.0,14.0,15.0,22,225,"24,100",145,"72,300",37,36.1,14,13.3,33.05,12.3,0.79,15,11,9,15,1.3,2.8,17.6,TSO-C62 
H,37.0,14.0,15.0,24,225,"26,700",160,"80,100",37,36.1,14,13.3,33.05,12.3,0.79,15,11,9,15,1.3,3,17.6,TSO-C62 
H,37.0,14.0,15.0,24,235,"26,700",160,"80,100",37,36.1,14,13.3,33.05,12.3,0.79,15,11,9,15,1.3,3,17.6,TSO-C62 
,38.0,11.0,,14,225,"15,400",130,"46,200",37.1,36,11.5,10.8,33.65,10.1,0.83,15.7,12.3,9,18,1.375,2.2,20.75,MIL-T-5041 
H,38.0,12.0,19.0,20,210,"25,275",192,"75,825",38,37.2,12,11.35,36.1,10.8,0.79,16,,7.75,19,1.3,2.73,21.6,TSO-C62 
H,38.0,13.0,18.0,18,225,"22,250",154,"66,750",38,37.15,13,12.3,36,11.7,0.77,15.8,,8.5,18,1.2,2.4,20.4,TSO-C62 
,39.0,13.0,,14,190,"15,000",100,"45,000",38.25,37.3,13,12.25,34.25,11.45,0.86,15.8,11,10,16,1.25,2.2,18.5,TSO-C62 
,39.0,13.0,,14,210,"15,000",100,"45,000",38.25,37.3,13,12.25,34.25,11.45,0.86,15.8,11,10,16,1.25,2.2,18.5,TSO-C62 
,39.0,13.0,,16,225,"17,200",115,"51,600",38.25,37.3,13,12.25,34.25,11.45,0.86,15.8,11,10,16,1.25,2.3,18.5,MIL-T-5041 
,39.0,13.0,,16,225,"17,200",115,"51,600",38.25,37.3,13,12.25,34.25,11.45,0.86,15.8,11,10,16,1.25,2.3,18.5,TSO-C62 
,39.0,13.0,,18,,"19,400",130,"58,200",38.25,37.3,13,12.25,34.25,11.45,0.86,15.8,11,10,16,1.25,2.5,18.5,
,39.0,13.0,,20,,"22,300",150,"66,900",38.25,37.3,13,12.25,34.25,11.45,0.86,15.8,11,10,16,1.25,2.75,18.5,
,39.0,13.0,,22,190,"24,600",165,"73,800",38.25,37.3,13,12.25,34.25,11.45,0.86,15.8,11,10,16,1.25,2.8,18.5,TSO-C62 
,39.0,13.0,,24,210,"27,400",188,"82,200",38.25,37.3,13,12.25,34.25,11.45,0.86,15.8,11,10,16,1.375,3.05,18.75,TSO-C62 
,40.0,12.0,,14,104 kt ,"14,500",95,"43,500",39.7,38.55,12.35,11.7,35.5,10.9,0.88,16.6,12.3,10,18,1.5,2.38,21,
,40.0,12.0,,16,,"18,500",130,"55,500",39.4,38.4,12.35,11.7,35.5,10.9,0.87,16.6,12.3,10,18,1.5,2.4,21,
,40.0,12.0,,18,210,"21,000",150,"63,000",39.4,38.4,12.35,11.7,35.5,10.9,0.87,16.6,12.3,10,18,1.5,2.5,21,TSO-C62 
,40.0,12.0,,20,210,"23,900",170,"71,700",39.4,38.4,12.35,11.7,35.5,10.9,0.87,16.6,12.3,10,18,1.5,2.6,21,TSO-C62 
,40.0,12.0,,22,,"26,700",190,"80,100",39.4,38.4,12.35,11.7,35.5,10.9,0.87,16.6,12.3,10,18,1.5,2.75,21,
,40.0,14.0,,14,,"14,500",90,"43,500",39.8,38.85,14,13.25,35.1,12,0.86,16.5,11.6,11,16,1.625,2.3,19.25,
,40.0,14.0,,16,210,"17,300",105,"51,900",39.8,38.85,14,13.25,35.1,12,0.86,16.5,11.6,11,16,1.625,2.4,19.25,T50-C62 
,40.0,14.0,,20,,"22,300",135,"66,900",39.8,38.85,14,13.25,35.1,12,0.86,16.5,11.6,11,16,1.625,2.65,19.25,
,40.0,14.0,,22,,"25,000",155,"75,000",39.8,38.85,14,13.25,35.1,12,0.86,16.5,11.6,11,16,1.625,2.8,19.25,
,40.0,14.0,,24,210,"27,700",170,"83,100",39.8,38.85,14,13.25,35.1,12,0.86,16.5,11.6,11,16,1.625,2.95,19.25,TSO-C62 
,40.0,14.0,,24,225,"27,700",170,"83,100",39.8,38.85,14,13.25,35.1,12,0.86,16.5,11.6,11,16,1.625,2.95,19.25,TSO-C62 
,40.0,14.0,,28,200,"33,500",200,"100,500",39.8,38.85,14,13.25,35.1,12,0.86,16.5,11.6,11,16,1.625,3.2,19.25,MIL-T-5041 
,40.0,14.0,,28,210,"33,100",200,"99,300",39.8,38.85,14,13.25,35.1,12,0.86,16.5,11.6,11,16,1.625,3.2,19.25,TSO-C62 
H,40.0,14.0,19.0,20,225,"27,100",166,"81,300",40,39.1,14,12,36.25,12,0.76,16.6,,9,19,1.2,2.5,21.4,
C,40.0,14.0,21.0,22,,"25,400",155,"76,200",40,38.9,14,13.25,37.35,10.6,0.68,16.7,13.4,6.75,21,0.8,2.25,22.6,
C,40.0,14.0,21.0,24,,"28,100",170,"84,300",40,38.9,14,13.25,37.35,10.6,0.68,16.7,13.4,6.75,21,0.8,2.25,22.6,
C,40.0,14.0,21.0,26,,"30,900",185,"92,700",40,38.9,14,13.25,37.35,10.6,0.68,16.7,13.4,6.75,21,0.8,2.4,22.6,
H,40.0,14.5,19.0,22,210,"30,100",180,"90,300",40,39.1,14.5,13.75,36.25,12.8,0.73,16.7,13.1,9.5,19,1.4,2.9,21.8,TSO-C62 
H,40.0,14.5,19.0,22,225,"30,100",180,"90,300",40,39.1,14.5,13.75,36.25,12.8,0.73,16.7,13.1,9.5,19,1.4,2.9,21.8,TSO-C62 
H,40.0,14.5,19.0,24,225,"33,200",200,"99,600",40,39.1,14.5,13.75,36.25,12.8,0.73,16.7,13.4,9.5,19,1.4,3.1,21.8,TSO-C62 
H,40.0,14.5,19.0,26,225,"36,800",220,"110,400",40,39.1,14.5,13.75,36.25,12.8,0.73,16.7,13.4,9.5,19,1.4,3.1,21.8,TSO-C62 
H,40.0,14.5,19.0,26,235,"36,800",220,"110,400",40,39.1,14.5,13.75,36.25,12.8,0.73,16.7,13.4,9.5,19,1.4,3.1,21.8,TSO-C62 
,40.0,15.5,16.0,26,235,"36,300",180,"108,900",40,39.05,15.5,14.75,35.7,13.65,0.78,16.1,11.6,10,16,1.25,3.2,18.5,
,40.0,15.5,16.0,28,235,"39,500",195,"118,500",40,39.05,15.5,14.75,35.7,13.65,0.78,16.1,11.6,10,16,1.25,3.4,18.5,TSO-C62 
,40.0,16.0,14.0,26,210,"29,200",155,"87,600",40,39,16,15.2,,,0.82,16.1,,12.5,14,1.5,,17,MIL-T-5041 
B,40.0,18.0,16.0,20,,"27,600",130,"82,800",40,39,18,17.15,35.7,15.85,0.67,16.1,11.4,11,16,1.625,,19.25,
C,40.0,18.0,17.0,20,,"27,500",92,"82,500",40,39.1,18,17.15,35.85,15.85,0.65,15.6,,9,17,0.8,2.38,18.6,
,40.5,15.5,16.0,28,,"34,200",190,"102,600",40.5,39.5,15.5,14.7,38.1,14,0.79,16.7,,11.5,16,1.75,3.5,19.5,
,41.0,15.0,18.0,22,225,"28,600",170,"85,800",41,40.05,15,14.25,36.9,13.2,0.77,17.2,12.3,12.75,18,1.625,2.9,21.25,TSO-C62 
,41.0,15.0,18.0,24,225,"31,400",190,"94,200",41,40.05,15,14.25,36.9,13.2,0.77,17.2,12.3,12.75,18,1.625,3,21.25,TSO-C62 
H,41.0,15.0,19.0,24,225,"33,650",187,"100,950",41,40.1,15,14.25,38.8,13.5,0.73,17,,9.75,19,1.4,3,21.8,TSO-C62 
,42.0,13.0,18.0,28,,"35,900",205,"107,700",41.25,40.38,13.5,12.8,37.15,11.8,0.87,17.2,12.9,10.5,18,1.625,,21.25,
,42.0,15.0,,18,,"21,400",105,"64,200",42.4,41.4,15.3,14.4,37.65,13.45,0.87,17.3,,11.5,16,1.5,2.75,19,
,42.0,15.0,,20,,"23,500",120,"70,500",42.4,41.4,15.3,14.4,37.65,13.45,0.87,17.3,,11.5,16,1.5,2.75,19,
,42.0,15.0,,22,,"26,300",135,"78,900",42.4,41.4,15.3,14.4,37.65,13.45,0.87,17.3,,11.5,16,1.5,2.9,19,
,42.0,15.0,,24,,"29,000",150,"87,000",42.4,41.4,15.3,14.4,37.65,13.45,0.87,17.3,,11.5,16,1.625,3.05,19.25,
H,42.0,16.0,19.0,22,,"31,200",160,"93,600",42,41.1,16,15.2,37.9,14.1,0.72,17.3,,9.5,19,1.625,3.1,22.25,
H,42.0,16.0,19.0,24,225,"34,400",175,"103,200",42,41.1,16,15.2,37.9,14.1,0.72,17.3,,9.5,19,1.4,3.1,21.8,TSO-C62 
H,42.0,16.0,19.0,26,225,"37,800",190,"113,400",42,41.1,16,15.2,37.9,14.1,0.72,17.3,,9.5,19,1.4,3.1,21.8,TSO-C62 
,43.0,16.0,20.0,28,200,"38,600",215,"115,800",43,42.1,16,15.2,38.9,14.15,0.72,17.9,13.8,13,20,1.75,3.45,23.5,MIL-T-5041 
H,43.5,16.0,21.0,26,225,"40,600",210,"121,800",43.5,42.55,16,15.2,41.25,14.4,0.7,18.2,,10.5,21,1.6,3.31,24.2,TSO-C62 
,44.0,13.0,,26,,"35,000",210,"105,000",43.55,42.3,13.5,12.8,39.45,11.8,0.87,18.4,13.7,11,20,1.875,3.15,23.75,MIL-T-5041 
,44.0,16.0,,18,,"20,300",100,"60,900",43.25,42.3,16,15.05,38.2,13.7,0.8,17.9,12.5,13.25,18,1.625,3,21.25,
,44.0,16.0,,28,200,"38,400",185,"115,200",43.25,42.3,16,15.05,38.2,13.7,0.8,17.9,12.5,13.25,18,1.625,3.25,21.25,MIL-T-5041 
,44.0,16.0,,30,210,"41,700",210,"125,100",43.25,42.3,16,15.05,38.2,13.7,0.8,17.9,12.5,13.25,18,1.625,3.4,21.25,TSO-C62 
,44.0,16.0,,30,225,"41,700",210,"125,100",43.25,42.3,16,15.05,38.2,13.7,0.8,17.9,12.5,13.25,18,1.625,3.4,21.25,TSO-C62 
,44.0,16.0,,32,225,"45,000",225,"135,000",43.25,42.3,16,15.05,38.2,13.7,0.8,17.9,12.5,13.25,18,1.625,3.55,21.25,TSO-C62 
,44.5,16.0,21.0,34,263,"60,900",315,"182,700",44.5,43.5,16,15.2,40.7,14.1,0.74,18.4,13.4,10.5,21,1.25,,23.5,MIL-T-5041 
,44.5,16.5,18.0,30,225,"42,500",195,"127,500",44.5,43.5,16.5,15.7,39.7,14.5,0.81,18.4,13,13.25,18,1.25,3.55,20.5,TSO-C62 
,44.5,16.5,18.0,32,225,"45,800",210,"137,400",44.5,43.5,16.5,15.7,39.7,14.5,0.81,18.4,13,13.25,18,1.25,3.73,20.5,
H,44.5,16.5,20.0,24,225,"36,200",165,"108,600",44.5,43.5,16.5,15.7,40.1,14.55,0.75,18.3,14.2,10.5,20,1.625,3.25,23.25,
H,44.5,16.5,20.0,26,225,"39,600",180,"118,800",44.5,43.5,16.5,15.7,40.1,14.55,0.75,18.3,14.2,10.5,20,1.5,3.45,23,TSO-C62 
H,44.5,16.5,20.0,28,225,"42,800",195,"128,400",44.5,43.5,16.5,15.7,40.1,14.55,0.75,18.3,14.2,10.5,20,1.5,3.5,23,TSO-C62 
,44.5,16.5,21.0,26,,"41,100",198,"123,300",44.5,43.5,16.5,15.7,42.2,14.8,0.71,18.5,14,10.5,21,1.6,3.3,24.2,
H,44.5,16.5,21.0,26,225,"41,100",198,"123,300",44.5,43.5,16.5,15.7,42.2,14.8,0.71,18.5,,10.5,21,1.6,3.3,24.2,TSO-C62 
H,44.5,16.5,21.0,28,225,"44,700",214,"134,100",44.5,43.5,16.5,15.7,42.2,14.8,0.71,18.5,,10.5,21,1.6,3.4,24.2,TSO-C62 
H,45.0,17.0,20.0,26,225,"40,000",175,"120,000",45,44,17,16.2,40.5,15,0.74,18.5,14.2,11,20,1.6,3.25,23.2,TSO-C62 
B,46.0,16.0,23.5,30,214,"53,800",260,"161,400",46,45.1,16,15.2,42.2,14.1,0.71,19.4,14.7,10.5,23.5,1.25,,26,MIL-T-5041 
B,46.0,16.0,23.5,30,276,"53,800",260,"161,400",46,45.1,16,15.2,42.2,14.1,0.71,19.4,14.7,10.5,23.5,1.25,,26,MIL-T-5041 
,46.0,16.0,,20,,"29,900",145,"89,700",45.25,44.3,16,15.05,40.7,14.1,0.8,19,13.6,13.25,20,1.625,2.85,23.25,
,46.0,16.0,,22,,"32,500",155,"97,500",45.25,44.3,16,15.05,40.7,14.1,0.8,19,13.6,13.25,20,1.625,2.94,23.25,
,46.0,16.0,,24,,"35,700",170,"107,100",45.25,44.3,16,15.05,40.7,14.1,0.8,19,13.6,13.25,20,1.625,3,23.25,
,46.0,16.0,,26,,"38,300",185,"114,900",45.25,44.3,16,15.05,40.7,14.1,0.8,19,13.6,13.25,20,1.625,3.1,23.25,
,46.0,16.0,,28,225,"41,800",210,"125,400",45.25,44.3,16,15.05,40.7,14.1,0.8,19,13.6,13.25,20,1.625,3.25,23.25,TSO-C62 
,46.0,16.0,,30,210,"44,800",225,"134,400",45.25,44.3,16,15.05,40.7,14.1,0.8,19,13.6,13.25,20,1.625,3.4,23.25,TSO-C62 
,46.0,16.0,,30,225,"44,800",225,"134,400",45.25,44.3,16,15.05,40.7,14.1,0.8,19,13.6,13.25,20,1.625,3.4,23.25,TSO-C62 
,46.0,16.0,,32,225,"48,000",245,"144,000",45.25,44.3,16,15.05,40.7,14.1,0.8,19,13.6,13.25,20,1.625,3.55,23.25,TSO-C62 
B,46.0,16.0,23.5,30,276,"53,800",260,"161,400",46,45.1,16,15.2,42.2,14.1,0.71,19.65,,10.5,23.5,1.25,3.15,26,
H,46.0,18.0,20.0,26,225,"41,500",170,"124,500",46,45,18,17.15,41.3,15.85,0.73,18.8,14.3,11,20,1.6,3.35,23.2,
H,46.0,18.0,20.0,28,225,"44,200",180,"132,600",46,45,18,17.15,41.3,15.85,0.73,18.8,14.5,11,20,1.625,3.55,23.2,TSO-C62 
H,46.0,18.0,20.0,32,225,"51,100",205,"153,300",46,45,18,17.15,41.3,15.85,0.73,18.8,14.5,11,20,1.625,3.8,23.2,TSO-C62 
H,46.0,18.0,20.0,32,235,"51,100",205,"153,300",46,45,18,17.15,41.3,15.85,0.73,18.8,14.5,11,20,1.625,3.8,23.2,TSO-C62 
H,46.0,18.0,20.0,34,235,"55,300",220,"165,900",46,45,18,17.15,41.3,15.85,0.73,18.8,14.5,11,20,1.7,3.8,23.4,
,47.0,15.75,22.1,32,279,"51,500",223,,48.1,47.2,16,14.05,43.4,14.05,0.82,19.9,,12.75,22.1,1.75,3.75,25.6,
,47.0,18.0,18.0,30,225,"43,700",175,"131,100",46.9,46,18,17.25,41.6,16.34,0.81,19.2,12.5,14.75,18,1.625,,21.25,
,47.0,18.0,18.0,36,250,"54,000",215,"162,000",46.9,46,18,17.25,41.6,16.34,0.81,19.2,12.5,14.75,18,1.625,,21.25,MIL-T-5041 
,49.0,17.0,,26,225,"39,600",170,"118,800",48.75,47.7,17.25,16.4,43,14.5,0.84,20.2,14,13.25,20,1.75,3.05,23.5,MIL-T-5041 
,49.0,17.0,,26,200,"39,600",165,"118,800",48.75,47.7,17.25,16.4,43,14.5,0.84,20.2,14,13.25,20,1.75,3.25,23.5,MIL-T-5041 
,49.0,17.0,,28,210,"43,200",180,"129,600",48.75,47.7,17.25,16.4,43,14.5,0.84,20.2,14,13.25,20,1.75,3.35,23.5,TSO-C62 
,49.0,17.0,,30,210,"46,700",195,"140,100",48.75,47.7,17.25,16.4,43,14.5,0.84,20.2,14,13.25,20,1.75,3.5,23.5,TSO-C62 
,49.0,17.0,,30,225,"46,700",195,"140,100",48.75,47.7,17.25,16.4,43,14.5,0.84,20.2,14,13.25,20,1.75,3.5,23.5,TSO-C62 
,49.0,17.0,,32,225,"50,400",210,"151,200",48.75,47.7,17.25,16.4,43,14.5,0.84,20.2,14,13.25,20,1.75,3.65,23.5,TSO-C62 
,49.0,17.0,,32,235,"50,400",210,"151,200",48.75,47.7,17.25,16.4,43,14.5,0.84,20.2,14,13.25,20,1.75,3.65,23.5,TSO-C62 
,49.0,17.0,,34,,"53,900",220,"161,700",48.75,47.7,17.25,16.4,43,14.5,0.84,20.2,14,13.25,20,1.75,3.8,23.5,
,49.0,18.0,22.0,30,,"50,900",219,"152,700",49,48,18,17.15,46.3,16.2,0.75,20.6,,13.75,22,1.875,3.75,25.75,
,49.0,18.0,22.0,32,,"54,800",235,"164,400",49,48,18,17.15,46.3,16.2,0.75,20.6,,13.75,22,1.875,3.95,25.75,
,49.0,19.0,20.0,32,235,"51,900",195,"155,700",49,48,19,18.15,43.8,16.7,0.77,20.3,14.5,13.25,20,1.625,3.75,23.25,TSO-C62 
,49.0,19.0,20.0,34,235,"55,700",215,"167,100",49,48,19,18.15,43.8,16.7,0.77,20.3,14.5,13.25,20,1.875,3.95,23.75,TSO-C62 
,49.0,19.0,20.0,34,245,"55,700",215,"167,100",49,48,19,18.15,43.8,16.7,0.77,20.3,14.5,13.25,20,1.875,3.95,23.75,TSO-C62 
,49.0,19.0,20.0,36,,"59,000",225,"177,000",49,48,19,18.15,43.8,16.7,0.77,20.3,14.5,13.25,20,1.875,3.95,23.75,
H,49.0,19.0,22.0,24,,"41,000",155,"123,000",49,48,19,18.15,46.3,17.1,0.71,20.2,16.5,12,22,1.7,3.5,25.4,
H,49.0,19.0,22.0,32,235,"56,600",205,"169,800",49,48,19,18.15,46.3,17.1,0.71,20.2,16.5,12,22,1.7,3.95,25.4,
H,49.0,19.0,22.0,34,,"60,700",220,"182,200",49,48,19,18.15,46.3,17.1,0.71,20.2,16.5,12,22,1.7,4.15,25.4,
,50.0,18.0,,26,,"41,765",155,"125,295",49.4,48.4,17.5,16.7,44,15.35,0.84,20.5,14.3,14.25,20,1.75,3.5,23.5,
,50.0,20.0,20.0,24,,"38,200",135,"114,600",50,49,20,19.1,44.6,17.6,0.75,20.6,13.6,16.25,20,1.875,3.4,23.75,
,50.0,20.0,20.0,26,,"41,800",150,"125,400",50,49,20,19.1,44.6,17.6,0.75,20.6,13.6,16.25,20,1.875,3.5,23.75,
,50.0,20.0,20.0,30,,"49,400",175,"148,200",50,49,20,19.1,44.6,17.6,0.75,20.6,13.6,16.25,20,1.875,3.95,23.75,
,50.0,20.0,20.0,32,,"53,800",190,"161,400",50,49,20,19.1,44.6,17.6,0.75,20.6,13.6,16.25,20,1.875,3.95,23.75,
,50.0,20.0,20.0,34,225,"57,000",205,"171,000",50,49,20,19.1,44.6,17.6,0.75,20.6,13.6,16.25,20,1.875,4.15,23.75,TSO-C62 
,50.0,20.0,20.0,36,225,"60,700",215,"182,100",50,49,20,19.1,44.6,17.6,0.75,20.6,13.6,16.25,20,1.875,4.3,23.75,TSO-C62 
,50.0,20.5,20.0,34,,"57,800",186,"173,400",51.95,51,20.45,19.7,46.25,18.1,0.78,21.25,,16.25,20,1.874,3.95,23.75,
,50.0,20.5,20.0,36,,"62,500",200,"187,500",51.95,51,20.45,19.7,46.25,18.1,0.78,21.25,,16.25,20,1.874,4.2,23.75,
,50.0,21.0,20.0,28,,"46,700",150,"140,100",50,49,21,20.05,44.6,18.5,0.72,20.2,14.6,13.25,20,1.875,3.5,23.75,
,50.0,21.0,20.0,30,210,"49,000",160,"147,000",50,49,21,20.05,44.6,18.5,0.72,20.2,14.6,13.25,20,1.75,3.6,23.5,TSO-C62 
,50.0,21.0,20.0,30,225,"49,000",160,"147,000",50,49,21,20.05,44.6,18.5,0.72,20.2,14.6,13.25,20,1.75,3.6,23.5,MIL-T-5041 
,50.0,21.0,20.0,30,225,"49,000",160,"147,000",50,49,21,20.05,44.6,18.5,0.72,20.2,14.6,13.25,20,1.75,3.6,23.5,TSO-C62 
,52.0,20.5,20.0,34,,"57,800",185,"173,400",52,51,20.5,19.6,46.25,18.05,0.79,21.3,14.3,16.25,20,1.875,3.95,23.75,
,52.0,20.5,20.0,36,225,"62,500",200,"187,500",52,51,20.5,19.6,46.25,18.05,0.79,21.3,14.3,16.25,20,1.875,4.2,23.75,TSO-C62 
,52.0,20.5,20.0,38,,"65,300",210,"195,900",52,51,20.5,19.6,46.25,18.05,0.79,21.3,14.3,16.25,20,1.875,4.55,23.75,
,52.0,20.5,23.0,26,,"55,000",165,"165,000",52,51,20.5,19.6,46.8,18.05,0.71,21.3,15.9,13,23,1.875,3.25,26.75,
,52.0,20.5,23.0,28,235,"59,500",180,"178,500",52,51,20.5,19.6,46.8,18.05,0.71,21.3,15.9,13,23,1.875,3.25,26.75,
,52.0,20.5,23.0,30,235,"63,700",195,"191,100",52,51,20.5,19.6,46.8,18.05,0.71,21.3,15.9,13,23,1.5,3.25,26,TSO-C62 
,54.0,21.0,23.0,32,,"61,300",202,"183,900",54,53,21,20.1,50.9,18.9,0.74,22.5,,16.25,23,1.5,3.8,26,
,54.0,21.0,23.0,36,,"68,500",223,"205,500",54,53,21,20.1,50.9,18.9,0.74,2.5,,16.25,23,2,4.2,27,
H,54.0,21.0,24.0,34,235,"68,100",200,"204,300",54,53,21,20.1,51,18.9,0.72,22.2,,13,24,2,4.25,28,TSO-C62 
H,54.0,21.0,24.0,36,235,"72,200",212,"216,600",54,53,21,20.1,51,18.9,0.72,22.2,,13,24,1.8,4.25,27.6,
,56.0,16.0,,24,174 kt ,"45,000",178,"135,000",55.9,54.8,16.2,15.5,50.85,14.26,0.88,24.1,18.7,12.75,28,2.25,3.88,32.5,
,56.0,16.0,,32,250,"60,000",250,"180,000",55.9,54.8,16.2,15.5,50.85,14.26,0.88,24.1,18.7,12.75,28,2.25,4.6,32.5,MIL-T-5041 
,56.0,16.0,,38,250,"76,000",315,"228,000",55.9,54.8,16.2,15.5,50.85,14.26,0.88,24.1,18.7,12.75,28,2.25,4.6,32.5,MIL-T-5041 
,56.0,20.0,20.0,24,210,"38,500",110,"115,500",56,54.8,20,19.1,49.5,17.6,0.91,22.7,15.2,15.5,20,1.8,3.4,23.6,TSO-C62 
